K,silhouette,calinski_harabasz,davies_bouldin
2,0.16221495869382294,32.585432661311465,2.432884558700594
3,0.09385218486129877,25.476306477817054,2.469006067399107
4,0.09574165891471348,21.243516271962765,2.514109471222281
5,0.09080145398006803,19.115249553281675,2.4713713824535843
6,0.0852547241243585,17.33528306462987,2.488718623315187
7,0.08739972333849283,15.88357603043365,2.3393125862671833
8,0.08351552009853352,14.60114457700408,2.3246922663613243
