,Controls,Prediabetics ,T2D_Cases
Mean,15.400000,21.000000,30.666667
Median,15.000000,20.500000,30.000000
Mode,14.000000,20.000000,35.000000
Std Dev,4.522739,2.665229,5.938381
Variance,20.455172,7.103448,35.264368
Min,8.000000,16.000000,18.000000
Max,28.000000,25.000000,48.000000
Range,20.000000,9.000000,30.000000
Q1,12.250000,19.000000,27.000000
Q3,17.750000,23.750000,34.000000
IQR,5.500000,4.750000,7.000000
